"id","constructorId","name","fullName"
"adams","adams","Adams","Adams"
"afm-6","afm","6","AFM 6"
"afm-8","afm","8","AFM 8"
"ags-jh21c","ags","JH21C","AGS JH21C"
"ags-jh22","ags","JH22","AGS JH22"
"ags-jh23","ags","JH23","AGS JH23"
"ags-jh23b","ags","JH23B","AGS JH23B"
"ags-jh24","ags","JH24","AGS JH24"
"ags-jh25","ags","JH25","AGS JH25"
"ags-jh25b","ags","JH25B","AGS JH25B"
"ags-jh27","ags","JH27","AGS JH27"
"alfa-romeo-158","alfa-romeo","158","Alfa Romeo 158"
"alfa-romeo-159","alfa-romeo","159","Alfa Romeo 159"
"alfa-romeo-177","alfa-romeo","177","Alfa Romeo 177"
"alfa-romeo-179","alfa-romeo","179","Alfa Romeo 179"
"alfa-romeo-179b","alfa-romeo","179B","Alfa Romeo 179B"
"alfa-romeo-179c","alfa-romeo","179C","Alfa Romeo 179C"
"alfa-romeo-179d","alfa-romeo","179D","Alfa Romeo 179D"
"alfa-romeo-182","alfa-romeo","182","Alfa Romeo 182"
"alfa-romeo-182b","alfa-romeo","182B","Alfa Romeo 182B"
"alfa-romeo-183t","alfa-romeo","183T","Alfa Romeo 183T"
"alfa-romeo-184t","alfa-romeo","184T","Alfa Romeo 184T"
"alfa-romeo-184tb","alfa-romeo","184TB","Alfa Romeo 184TB"
"alfa-romeo-185t","alfa-romeo","185T","Alfa Romeo 185T"
"alfa-romeo-c38","alfa-romeo","C38","Alfa Romeo C38"
"alfa-romeo-c39","alfa-romeo","C39","Alfa Romeo C39"
"alfa-romeo-c41","alfa-romeo","C41","Alfa Romeo C41"
"alfa-romeo-c42","alfa-romeo","C42","Alfa Romeo C42"
"alfa-romeo-c43","alfa-romeo","C43","Alfa Romeo C43"
"alfa-special-special","alfa-special","Special","Alfa Special Special"
"alphatauri-at01","alphatauri","AT01","AlphaTauri AT01"
"alphatauri-at02","alphatauri","AT02","AlphaTauri AT02"
"alphatauri-at03","alphatauri","AT03","AlphaTauri AT03"
"alphatauri-at04","alphatauri","AT04","AlphaTauri AT04"
"alpine-a521","alpine","A521","Alpine A521"
"alpine-a522","alpine","A522","Alpine A522"
"alpine-a523","alpine","A523","Alpine A523"
"alpine-a524","alpine","A524","Alpine A524"
"alpine-a525","alpine","A525","Alpine A525"
"alta-f2","alta","F2","Alta F2"
"alta-gp","alta","GP","Alta GP"
"amon-af101","amon","AF101","Amon AF101"
"andrea-moda-c4b","andrea-moda","C4B","Andrea Moda C4B"
"andrea-moda-s921","andrea-moda","S921","Andrea Moda S921"
"apollon-fly","apollon","Fly","Apollon Fly"
"arrows-a1","arrows","A1","Arrows A1"
"arrows-a10","arrows","A10","Arrows A10"
"arrows-a10b","arrows","A10B","Arrows A10B"
"arrows-a11","arrows","A11","Arrows A11"
"arrows-a11b","arrows","A11B","Arrows A11B"
"arrows-a18","arrows","A18","Arrows A18"
"arrows-a19","arrows","A19","Arrows A19"
"arrows-a2","arrows","A2","Arrows A2"
"arrows-a20","arrows","A20","Arrows A20"
"arrows-a21","arrows","A21","Arrows A21"
"arrows-a22","arrows","A22","Arrows A22"
"arrows-a23","arrows","A23","Arrows A23"
"arrows-a3","arrows","A3","Arrows A3"
"arrows-a4","arrows","A4","Arrows A4"
"arrows-a5","arrows","A5","Arrows A5"
"arrows-a6","arrows","A6","Arrows A6"
"arrows-a7","arrows","A7","Arrows A7"
"arrows-a8","arrows","A8","Arrows A8"
"arrows-a9","arrows","A9","Arrows A9"
"arrows-fa1","arrows","FA1","Arrows FA1"
"arzani-volpini-f1","arzani-volpini","F1","Arzani-Volpini F1"
"aston-butterworth-nb41","aston-butterworth","NB41","Aston Butterworth NB41"
"aston-butterworth-nb42","aston-butterworth","NB42","Aston Butterworth NB42"
"aston-martin-amr21","aston-martin","AMR21","Aston Martin AMR21"
"aston-martin-amr22","aston-martin","AMR22","Aston Martin AMR22"
"aston-martin-amr23","aston-martin","AMR23","Aston Martin AMR23"
"aston-martin-amr24","aston-martin","AMR24","Aston Martin AMR24"
"aston-martin-amr25","aston-martin","AMR25","Aston Martin AMR25"
"aston-martin-dbr4","aston-martin","DBR4","Aston Martin DBR4"
"aston-martin-dbr5","aston-martin","DBR5","Aston Martin DBR5"
"ats-100","ats","100","ATS 100"
"ats-wheels-d1","ats-wheels","D1","ATS D1"
"ats-wheels-d2","ats-wheels","D2","ATS D2"
"ats-wheels-d3","ats-wheels","D3","ATS D3"
"ats-wheels-d4","ats-wheels","D4","ATS D4"
"ats-wheels-d5","ats-wheels","D5","ATS D5"
"ats-wheels-d6","ats-wheels","D6","ATS D6"
"ats-wheels-d7","ats-wheels","D7","ATS D7"
"ats-wheels-hgs1","ats-wheels","HGS1","ATS HGS1"
"ats-wheels-hs1","ats-wheels","HS1","ATS HS1"
"balsa-special","balsa","Spécial","Balsa Spécial"
"bar-002","bar","002","BAR 002"
"bar-003","bar","003","BAR 003"
"bar-004","bar","004","BAR 004"
"bar-005","bar","005","BAR 005"
"bar-006","bar","006","BAR 006"
"bar-007","bar","006","BAR 006"
"bar-01","bar","01","BAR 01"
"behra-porsche-rsk","behra-porsche","RSK","Behra-Porsche RSK"
"bellasi-f1-70","bellasi","F1 70","Bellasi F1 70"
"benetton-b186","benetton","B186","Benetton B186"
"benetton-b187","benetton","B187","Benetton B187"
"benetton-b188","benetton","B188","Benetton B188"
"benetton-b189","benetton","B189","Benetton B189"
"benetton-b189b","benetton","B189B","Benetton B189B"
"benetton-b190","benetton","B190","Benetton B190"
"benetton-b190b","benetton","B190B","Benetton B190B"
"benetton-b191","benetton","B191","Benetton B191"
"benetton-b191b","benetton","B191B","Benetton B191B"
"benetton-b192","benetton","B192","Benetton B192"
"benetton-b193","benetton","B193","Benetton B193"
"benetton-b193b","benetton","B193B","Benetton B193B"
"benetton-b194","benetton","B194","Benetton B194"
"benetton-b195","benetton","B195","Benetton B195"
"benetton-b196","benetton","B196","Benetton B196"
"benetton-b197","benetton","B197","Benetton B197"
"benetton-b198","benetton","B198","Benetton B198"
"benetton-b199","benetton","B199","Benetton B199"
"benetton-b200","benetton","B200","Benetton B200"
"benetton-b201","benetton","B201","Benetton B201"
"bmw-269","bmw","269","BMW 269"
"bmw-sauber-f1-06","bmw-sauber","F1.06","BMW Sauber F1.06"
"bmw-sauber-f1-07","bmw-sauber","F1.07","BMW Sauber F1.07"
"bmw-sauber-f1-08","bmw-sauber","F1.08","BMW Sauber F1.08"
"bmw-sauber-f1-09","bmw-sauber","F1.09","BMW Sauber F1.09"
"boro-001","boro","001","Boro 001"
"brabham-bt10","brabham","BT10","Brabham BT10"
"brabham-bt11","brabham","BT11","Brabham BT11"
"brabham-bt16","brabham","BT16","Brabham BT16"
"brabham-bt18","brabham","BT18","Brabham BT18"
"brabham-bt19","brabham","BT19","Brabham BT19"
"brabham-bt20","brabham","BT20","Brabham BT20"
"brabham-bt22","brabham","BT22","Brabham BT22"
"brabham-bt23","brabham","BT23","Brabham BT23"
"brabham-bt23b","brabham","BT23B","Brabham BT23B"
"brabham-bt23c","brabham","BT23C","Brabham BT23C"
"brabham-bt24","brabham","BT24","Brabham BT24"
"brabham-bt26","brabham","BT26","Brabham BT26"
"brabham-bt26a","brabham","BT26A","Brabham BT26A"
"brabham-bt3","brabham","BT3","Brabham BT3"
"brabham-bt30","brabham","BT30","Brabham BT30"
"brabham-bt33","brabham","BT33","Brabham BT33"
"brabham-bt34","brabham","BT34","Brabham BT34"
"brabham-bt37","brabham","BT37","Brabham BT37"
"brabham-bt42","brabham","BT42","Brabham BT42"
"brabham-bt44","brabham","BT44","Brabham BT44"
"brabham-bt44b","brabham","BT44B","Brabham BT44B"
"brabham-bt45","brabham","BT45","Brabham BT45"
"brabham-bt45b","brabham","BT45B","Brabham BT45B"
"brabham-bt45c","brabham","BT45C","Brabham BT45C"
"brabham-bt46","brabham","BT46","Brabham BT46"
"brabham-bt46b","brabham","BT46B","Brabham BT46B"
"brabham-bt46c","brabham","BT46C","Brabham BT46C"
"brabham-bt48","brabham","BT48","Brabham BT48"
"brabham-bt49","brabham","BT49","Brabham BT49"
"brabham-bt49c","brabham","BT49C","Brabham BT49C"
"brabham-bt49d","brabham","BT49D","Brabham BT49D"
"brabham-bt50","brabham","BT50","Brabham BT50"
"brabham-bt52","brabham","BT52","Brabham BT52"
"brabham-bt52b","brabham","BT52B","Brabham BT52B"
"brabham-bt53","brabham","BT53","Brabham BT53"
"brabham-bt54","brabham","BT54","Brabham BT54"
"brabham-bt55","brabham","BT55","Brabham BT55"
"brabham-bt56","brabham","BT56","Brabham BT56"
"brabham-bt58","brabham","BT58","Brabham BT58"
"brabham-bt59","brabham","BT59","Brabham BT59"
"brabham-bt59y","brabham","BT59Y","Brabham BT59Y"
"brabham-bt6","brabham","BT6","Brabham BT6"
"brabham-bt60b","brabham","BT60B","Brabham BT60B"
"brabham-bt60y","brabham","BT60Y","Brabham BT60Y"
"brabham-bt7","brabham","BT7","Brabham BT7"
"brawn-bgp-001","brawn","BGP 001","Brawn BGP 001"
"brm-p115","brm","P115","BRM P115"
"brm-p126","brm","P126","BRM P126"
"brm-p133","brm","P133","BRM P133"
"brm-p138","brm","P138","BRM P138"
"brm-p139","brm","P139","BRM P139"
"brm-p15","brm","P15","BRM P15"
"brm-p153","brm","P153","BRM P153"
"brm-p160","brm","P160","BRM P160"
"brm-p160b","brm","P160B","BRM P160B"
"brm-p160c","brm","P160C","BRM P160C"
"brm-p160d","brm","P160D","BRM P160D"
"brm-p160e","brm","P160E","BRM P160E"
"brm-p180","brm","P180","BRM P180"
"brm-p201","brm","P201","BRM P201"
"brm-p201b","brm","P201B","BRM P201B"
"brm-p207","brm","P207","BRM P207"
"brm-p25","brm","P25","BRM P25"
"brm-p261","brm","P261","BRM P261"
"brm-p48-57","brm","P48/57","BRM P48/57"
"brm-p48","brm","P48","BRM P48"
"brm-p57","brm","P57","BRM P57"
"brm-p61","brm","P61","BRM P61"
"brm-p67","brm","P67","BRM P67"
"brm-p83","brm","P83","BRM P83"
"bromme","bromme","Bromme","Bromme"
"brp-mk-1","brp","Mk 1","BRP Mk 1"
"brp-mk-2","brp","Mk 2","BRP Mk 2"
"bugatti-t251","bugatti","T251","Bugatti T251"
"caterham-ct01","caterham","CT01","Caterham CT01"
"caterham-ct03","caterham","CT03","Caterham CT03"
"caterham-ct05","caterham","CT05","Caterham CT05"
"christensen","christensen","Christensen","Christensen"
"cisitalia-d46","cisitalia","D46","Cisitalia D46"
"coloni-c3","coloni","C3","Coloni C3"
"coloni-c3b","coloni","C3B","Coloni C3B"
"coloni-c3c","coloni","C3C","Coloni C3C"
"coloni-c4","coloni","C4","Coloni C4"
"coloni-fc187","coloni","FC187","Coloni FC187"
"coloni-fc188","coloni","FC188","Coloni FC188"
"coloni-fc188b","coloni","FC188B","Coloni FC188B"
"connaught-a","connaught","A","Connaught A"
"connaught-b","connaught","B","Connaught B"
"connaught-c","connaught","C","Connaught C"
"connew-pc1","connew","PC1","Connew PC1"
"cooper-special","cooper","Special","Cooper Special"
"cooper-t12","cooper","T12","Cooper T12"
"cooper-t20","cooper","T20","Cooper T20"
"cooper-t23","cooper","T23","Cooper T23"
"cooper-t24","cooper","T24","Cooper T24"
"cooper-t40","cooper","T40","Cooper T40"
"cooper-t41","cooper","T41","Cooper T41"
"cooper-t43","cooper","T43","Cooper T43"
"cooper-t44","cooper","T44","Cooper T44"
"cooper-t45","cooper","T45","Cooper T45"
"cooper-t51","cooper","T51","Cooper T51"
"cooper-t53","cooper","T53","Cooper T53"
"cooper-t55","cooper","T55","Cooper T55"
"cooper-t58","cooper","T58","Cooper T58"
"cooper-t59","cooper","T59","Cooper T59"
"cooper-t60","cooper","T60","Cooper T60"
"cooper-t66","cooper","T66","Cooper T66"
"cooper-t71-73","cooper","T71/73","Cooper T71/73"
"cooper-t73","cooper","T73","Cooper T73"
"cooper-t77","cooper","T77","Cooper T77"
"cooper-t79","cooper","T79","Cooper T79"
"cooper-t81","cooper","T81","Cooper T81"
"cooper-t81b","cooper","T81B","Cooper T81B"
"cooper-t82","cooper","T82","Cooper T82"
"cooper-t86","cooper","T86","Cooper T86"
"cooper-t86b","cooper","T86B","Cooper T86B"
"dallara-3087","dallara","3087","Dallara 3087"
"dallara-f188","dallara","F188","Dallara F188"
"dallara-f189","dallara","F189","Dallara F189"
"dallara-f190","dallara","F190","Dallara F190"
"dallara-f191","dallara","F191","Dallara F191"
"dallara-f192","dallara","F192","Dallara F192"
"de-tomaso-505-38","de-tomaso","505/38","De Tomaso 505/38"
"de-tomaso-801","de-tomaso","801","De Tomaso 801"
"de-tomaso-f1-001","de-tomaso","F1/001","De Tomaso F1/001"
"de-tomaso-f1-002","de-tomaso","F1/002","De Tomaso F1/002"
"de-tomaso-f1-003","de-tomaso","F1/003","De Tomaso F1/003"
"de-tomaso-f1-004","de-tomaso","F1/004","De Tomaso F1/004"
"deidt-tuffanelli-derrico","deidt","Tuffanelli Derrico","Deidt Tuffanelli Derrico"
"del-roy","del-roy","Del Roy","Del Roy"
"derrington-francis-df","derrington-francis","DF","Derrington-Francis DF"
"dunn","dunn","Dunn","Dunn"
"eagle-mk-1","eagle","Mk 1","Eagle Mk 1"
"eagle-t1f","eagle","T1F","Eagle T1F"
"eagle-t1g","eagle","T1G","Eagle T1G"
"eifelland-21","eifelland","21","Eifelland 21"
"elder","elder","Elder","Elder"
"emeryson-56","emeryson","56","Emeryson 56"
"emeryson-61","emeryson","61","Emeryson 61"
"emw-r2","emw","R2","EMW R2"
"enb-f1","enb","F1","ENB F1"
"ensign-n173","ensign","N173","Ensign N173"
"ensign-n174","ensign","N174","Ensign N174"
"ensign-n175","ensign","N175","Ensign N175"
"ensign-n176","ensign","N176","Ensign N176"
"ensign-n177","ensign","N177","Ensign N177"
"ensign-n179","ensign","N179","Ensign N179"
"ensign-n180","ensign","N180","Ensign N180"
"ensign-n180b","ensign","N180B","Ensign N180B"
"ensign-n181","ensign","N181","Ensign N181"
"epperly-indy-roadster","epperly","Indy Roadster","Epperly Indy Roadster"
"era-a","era","A","ERA A"
"era-b","era","B","ERA B"
"era-e","era","E","ERA E"
"era-g","era","G","ERA G"
"eurobrun-er188","eurobrun","ER188","EuroBrun ER188"
"eurobrun-er188b","eurobrun","ER188B","EuroBrun ER188B"
"eurobrun-er189","eurobrun","ER189","EuroBrun ER189"
"eurobrun-er189b","eurobrun","ER189B","EuroBrun ER189B"
"ewing","ewing","Ewing","Ewing"
"ferguson-p99","ferguson","P99","Ferguson P99"
"ferrari-125","ferrari","125","Ferrari 125"
"ferrari-126c2","ferrari","126C2","Ferrari 126C2"
"ferrari-126c2b","ferrari","126C2B","Ferrari 126C2B"
"ferrari-126c3","ferrari","126C3","Ferrari 126C3"
"ferrari-126c4","ferrari","126C4","Ferrari 126C4"
"ferrari-126ck","ferrari","126CK","Ferrari 126CK"
"ferrari-150-italia","ferrari","150° Italia","Ferrari 150° Italia"
"ferrari-1512","ferrari","1512","Ferrari 1512"
"ferrari-156-85","ferrari","156/85","Ferrari 156/85"
"ferrari-156","ferrari","156","Ferrari 156"
"ferrari-158","ferrari","158","Ferrari 158"
"ferrari-166","ferrari","166","Ferrari 166"
"ferrari-166s","ferrari","166S","Ferrari 166S"
"ferrari-212","ferrari","212","Ferrari 212"
"ferrari-246-p","ferrari","246 P","Ferrari 246 P"
"ferrari-246","ferrari","246","Ferrari 246"
"ferrari-248-f1","ferrari","248 F1","Ferrari 248 F1"
"ferrari-275","ferrari","275","Ferrari 275"
"ferrari-312-66","ferrari","312/66","Ferrari 312/66"
"ferrari-312-67-68","ferrari","312/67/68","Ferrari 312/67/68"
"ferrari-312-67","ferrari","312/67","Ferrari 312/67"
"ferrari-312-68","ferrari","312/68","Ferrari 312/68"
"ferrari-312-69","ferrari","312/69","Ferrari 312/69"
"ferrari-312b","ferrari","312B","Ferrari 312B"
"ferrari-312b2","ferrari","312B2","Ferrari 312B2"
"ferrari-312b3-74","ferrari","312B3-74","Ferrari 312B3-74"
"ferrari-312b3","ferrari","312B3","Ferrari 312B3"
"ferrari-312t","ferrari","312T","Ferrari 312T"
"ferrari-312t2","ferrari","312T2","Ferrari 312T2"
"ferrari-312t2b","ferrari","312T2B","Ferrari 312T2B"
"ferrari-312t3","ferrari","312T3","Ferrari 312T3"
"ferrari-312t4","ferrari","312T4","Ferrari 312T4"
"ferrari-312t4b","ferrari","312T4B","Ferrari 312T4B"
"ferrari-312t5","ferrari","312T5","Ferrari 312T5"
"ferrari-375","ferrari","375","Ferrari 375"
"ferrari-375s","ferrari","375S","Ferrari 375S"
"ferrari-412t1","ferrari","412T1","Ferrari 412T1"
"ferrari-412t1b","ferrari","412T1B","Ferrari 412T1B"
"ferrari-412t2","ferrari","412T2","Ferrari 412T2"
"ferrari-500","ferrari","500","Ferrari 500"
"ferrari-553","ferrari","553","Ferrari 553"
"ferrari-555","ferrari","555","Ferrari 555"
"ferrari-625","ferrari","625","Ferrari 625"
"ferrari-640","ferrari","640","Ferrari 640"
"ferrari-641","ferrari","641","Ferrari 641"
"ferrari-642-2","ferrari","642/2","Ferrari 642/2"
"ferrari-642","ferrari","642","Ferrari 642"
"ferrari-643","ferrari","643","Ferrari 643"
"ferrari-801","ferrari","801","Ferrari 801"
"ferrari-f1-2000","ferrari","F1-2000","Ferrari F1-2000"
"ferrari-f1-75","ferrari","F1-75","Ferrari F1-75"
"ferrari-f1-86","ferrari","F1/86","Ferrari F1/86"
"ferrari-f1-87-88c","ferrari","F1/87/88C","Ferrari F1/87/88C"
"ferrari-f1-87","ferrari","F1/87","Ferrari F1/87"
"ferrari-f10","ferrari","F10","Ferrari F10"
"ferrari-f138","ferrari","F138","Ferrari F138"
"ferrari-f14-t","ferrari","F14 T","Ferrari F14 T"
"ferrari-f2001","ferrari","F2001","Ferrari F2001"
"ferrari-f2001b","ferrari","F2001B","Ferrari F2001B"
"ferrari-f2002","ferrari","F2002","Ferrari F2002"
"ferrari-f2002b","ferrari","F2002B","Ferrari F2002B"
"ferrari-f2003-ga","ferrari","F2003-GA","Ferrari F2003-GA"
"ferrari-f2004","ferrari","F2004","Ferrari F2004"
"ferrari-f2004m","ferrari","F2004M","Ferrari F2004M"
"ferrari-f2005","ferrari","F2005","Ferrari F2005"
"ferrari-f2007","ferrari","F2007","Ferrari F2007"
"ferrari-f2008","ferrari","F2008","Ferrari F2008"
"ferrari-f2012","ferrari","F2012","Ferrari F2012"
"ferrari-f300","ferrari","F300","Ferrari F300"
"ferrari-f310","ferrari","F310","Ferrari F310"
"ferrari-f310b","ferrari","F310B","Ferrari F310B"
"ferrari-f399","ferrari","F399","Ferrari F399"
"ferrari-f60","ferrari","F60","Ferrari F60"
"ferrari-f92a","ferrari","F92A","Ferrari F92A"
"ferrari-f92at","ferrari","F92AT","Ferrari F92AT"
"ferrari-f93a","ferrari","F93A","Ferrari F93A"
"ferrari-sf-23","ferrari","SF-23","Ferrari SF-23"
"ferrari-sf-24","ferrari","SF-24","Ferrari SF-24"
"ferrari-sf-25","ferrari","SF-25","Ferrari SF-25"
"ferrari-sf1000","ferrari","SF1000","Ferrari SF1000"
"ferrari-sf15-t","ferrari","SF15-T","Ferrari SF15-T"
"ferrari-sf16-h","ferrari","SF16-H","Ferrari SF16-H"
"ferrari-sf21","ferrari","SF21","Ferrari SF21"
"ferrari-sf70h","ferrari","SF70H","Ferrari SF70H"
"ferrari-sf71h","ferrari","SF71H","Ferrari SF71H"
"ferrari-sf90","ferrari","SF90","Ferrari SF90"
"first-f189","first","F189","FIRST F189"
"fittipaldi-f5","fittipaldi","F5","Fittipaldi F5"
"fittipaldi-f5a","fittipaldi","F5A","Fittipaldi F5A"
"fittipaldi-f6","fittipaldi","F6","Fittipaldi F6"
"fittipaldi-f6a","fittipaldi","F6A","Fittipaldi F6A"
"fittipaldi-f7","fittipaldi","F7","Fittipaldi F7"
"fittipaldi-f8","fittipaldi","F8","Fittipaldi F8"
"fittipaldi-f8c","fittipaldi","F8C","Fittipaldi F8C"
"fittipaldi-f8d","fittipaldi","F8D","Fittipaldi F8D"
"fittipaldi-f9","fittipaldi","F9","Fittipaldi F9"
"fittipaldi-fd01","fittipaldi","FD01","Fittipaldi FD01"
"fittipaldi-fd02","fittipaldi","FD02","Fittipaldi FD02"
"fittipaldi-fd03","fittipaldi","FD03","Fittipaldi FD03"
"fittipaldi-fd04","fittipaldi","FD04","Fittipaldi FD04"
"fondmetal-fa1m-e","fondmetal","FA1M-E","Fondmetal FA1M-E"
"fondmetal-fomet-1","fondmetal","Fomet-1","Fondmetal Fomet-1"
"fondmetal-gr01","fondmetal","GR01","Fondmetal GR01"
"fondmetal-gr02","fondmetal","GR02","Fondmetal GR02"
"footwork-a11c","footwork","A11C","Footwork A11C"
"footwork-fa12","footwork","FA12","Footwork FA12"
"footwork-fa12c","footwork","FA12C","Footwork FA12C"
"footwork-fa13","footwork","FA13","Footwork FA13"
"footwork-fa13b","footwork","FA13B","Footwork FA13B"
"footwork-fa14","footwork","FA14","Footwork FA14"
"footwork-fa15","footwork","FA15","Footwork FA15"
"footwork-fa16","footwork","FA16","Footwork FA16"
"footwork-fa17","footwork","FA17","Footwork FA17"
"force-india-vjm01","force-india","VJM01","Force India VJM01"
"force-india-vjm02","force-india","VJM02","Force India VJM02"
"force-india-vjm03","force-india","VJM03","Force India VJM03"
"force-india-vjm04","force-india","VJM04","Force India VJM04"
"force-india-vjm05","force-india","VJM05","Force India VJM05"
"force-india-vjm06","force-india","VJM06","Force India VJM06"
"force-india-vjm07","force-india","VJM07","Force India VJM07"
"force-india-vjm08","force-india","VJM08","Force India VJM08"
"force-india-vjm08b","force-india","VJM08B","Force India VJM08B"
"force-india-vjm09","force-india","VJM09","Force India VJM09"
"force-india-vjm10","force-india","VJM10","Force India VJM10"
"force-india-vjm11","force-india","VJM11","Force India VJM11"
"forti-fg01","forti","FG01","Forti FG01"
"forti-fg01b","forti","FG01B","Forti FG01B"
"forti-fg03","forti","FG03","Forti FG03"
"frank-williams-racing-cars-fw","frank-williams-racing-cars","FW","Williams FW"
"frank-williams-racing-cars-fw04","frank-williams-racing-cars","FW04","Williams FW04"
"frazer-nash-421","frazer-nash","421","Frazer-Nash 421"
"frazer-nash-fn48","frazer-nash","FN48","Frazer-Nash FN48"
"fry-f2","fry","F2","Fry F2"
"gilby-61","gilby","61","Gilby 61"
"gilby-62","gilby","62","Gilby 62"
"gordini-t15","gordini","T15","Gordini T15"
"gordini-t16","gordini","T16","Gordini T16"
"gordini-t16s","gordini","T16S","Gordini T16S"
"gordini-t32","gordini","T32","Gordini T32"
"greifzu","greifzu","Greifzu","Greifzu"
"haas-vf-16","haas","VF-16","Haas VF-16"
"haas-vf-17","haas","VF-17","Haas VF-17"
"haas-vf-18","haas","VF-18","Haas VF-18"
"haas-vf-19","haas","VF-19","Haas VF-19"
"haas-vf-20","haas","VF-20","Haas VF-20"
"haas-vf-21","haas","VF-21","Haas VF-21"
"haas-vf-22","haas","VF-22","Haas VF-22"
"haas-vf-23","haas","VF-23","Haas VF-23"
"haas-vf-24","haas","VF-24","Haas VF-24"
"haas-vf-25","haas","VF-25","Haas VF-25"
"hall","hall","Hall","Hall"
"heck","heck","Heck","Heck"
"hesketh-308","hesketh","308","Hesketh 308"
"hesketh-308b","hesketh","308B","Hesketh 308B"
"hesketh-308c","hesketh","308C","Hesketh 308C"
"hesketh-308d","hesketh","308D","Hesketh 308D"
"hesketh-308e","hesketh","308E","Hesketh 308E"
"hill-gh1","hill","GH1","Hill GH1"
"honda-ra106","honda","RA106","Honda RA106"
"honda-ra107","honda","RA107","Honda RA107"
"honda-ra108","honda","RA108","Honda RA108"
"honda-ra271","honda","RA271","Honda RA271"
"honda-ra272","honda","RA272","Honda RA272"
"honda-ra273","honda","RA273","Honda RA273"
"honda-ra300","honda","RA300","Honda RA300"
"honda-ra301","honda","RA301","Honda RA301"
"honda-ra302","honda","RA302","Honda RA302"
"hrt-f110","hrt","F110","HRT F110"
"hrt-f111","hrt","F111","HRT F111"
"hrt-f112","hrt","F112","HRT F112"
"hwm-51","hwm","51","HWM 51"
"hwm-52","hwm","52","HWM 52"
"hwm-53","hwm","53","HWM 53"
"iso-marlboro-fw","iso-marlboro","FW","Iso-Marlboro FW"
"iso-marlboro-fx3b","iso-marlboro","FX3B","Iso-Marlboro FX3B"
"iso-marlboro-ir","iso-marlboro","IR","Iso-Marlboro IR"
"jaguar-r1","jaguar","R1","Jaguar R1"
"jaguar-r2","jaguar","R2","Jaguar R2"
"jaguar-r3","jaguar","R3","Jaguar R3"
"jaguar-r3b","jaguar","R3B","Jaguar R3B"
"jaguar-r4","jaguar","R4","Jaguar R4"
"jaguar-r5","jaguar","R5","Jaguar R5"
"jaguar-r5b","jaguar","R5B","Jaguar R5B"
"jbw-59","jbw","59","JBW 59"
"jordan-191","jordan","191","Jordan 191"
"jordan-192","jordan","192","Jordan 192"
"jordan-193","jordan","193","Jordan 193"
"jordan-194","jordan","194","Jordan 194"
"jordan-195","jordan","195","Jordan 195"
"jordan-196","jordan","196","Jordan 196"
"jordan-197","jordan","197","Jordan 197"
"jordan-198","jordan","198","Jordan 198"
"jordan-199","jordan","199","Jordan 199"
"jordan-ej10","jordan","EJ10","Jordan EJ10"
"jordan-ej10b","jordan","EJ10B","Jordan EJ10B"
"jordan-ej11","jordan","EJ11","Jordan EJ11"
"jordan-ej12","jordan","EJ12","Jordan EJ12"
"jordan-ej13","jordan","EJ13","Jordan EJ13"
"jordan-ej14","jordan","EJ14","Jordan EJ14"
"jordan-ej15","jordan","EJ15","Jordan EJ15"
"jordan-ej15b","jordan","EJ15B","Jordan EJ15B"
"kauhsen-wk","kauhsen","WK","Kauhsen WK"
"kick-sauber-c44","kick-sauber","C44","Kick Sauber C44"
"kick-sauber-c45","kick-sauber","C45","Kick Sauber C45"
"klenk-meteor","klenk","Meteor","Klenk Meteor"
"kojima-ke007","kojima","KE007","Kojima KE007"
"kojima-ke009","kojima","KE009","Kojima KE009"
"krakau","krakau","Krakau","Krakau"
"kurtis-kraft-3","kurtis-kraft","3","Kurtis Kraft 3"
"kurtis-kraft-327","kurtis-kraft","327","Kurtis Kraft 327"
"kurtis-kraft-347","kurtis-kraft","347","Kurtis Kraft 347"
"kurtis-kraft-350","kurtis-kraft","350","Kurtis Kraft 350"
"kurtis-kraft-4","kurtis-kraft","4","Kurtis Kraft 4"
"kurtis-kraft-7","kurtis-kraft","7","Kurtis Kraft 7"
"kurtis-kraft-kk1000","kurtis-kraft","KK1000","Kurtis Kraft KK1000"
"kurtis-kraft-kk2000","kurtis-kraft","KK2000","Kurtis Kraft KK2000"
"kurtis-kraft-kk3000","kurtis-kraft","KK3000","Kurtis Kraft KK3000"
"kurtis-kraft-kk4000","kurtis-kraft","KK4000","Kurtis Kraft KK4000"
"kurtis-kraft-kk500","kurtis-kraft","KK500","Kurtis Kraft KK500"
"kurtis-kraft-kk500a","kurtis-kraft","KK500A","Kurtis Kraft KK500A"
"kurtis-kraft-kk500b","kurtis-kraft","KK500B","Kurtis Kraft KK500B"
"kurtis-kraft-kk500c","kurtis-kraft","KK500C","Kurtis Kraft KK500C"
"kurtis-kraft-kk500d","kurtis-kraft","KK500D","Kurtis Kraft KK500D"
"kurtis-kraft-kk500e","kurtis-kraft","KK500E","Kurtis Kraft KK500E"
"kurtis-kraft-kk500f","kurtis-kraft","KK500F","Kurtis Kraft KK500F"
"kurtis-kraft-kk500g","kurtis-kraft","KK500G","Kurtis Kraft KK500G"
"kurtis-kraft-kk500h","kurtis-kraft","KK500H","Kurtis Kraft KK500H"
"kurtis-kraft-kk500j","kurtis-kraft","KK500J","Kurtis Kraft KK500J"
"kurtis-kraft-midget","kurtis-kraft","Midget","Kurtis Kraft Midget"
"kurtis-kraft","kurtis-kraft","Kurtis Kraft","Kurtis Kraft"
"kuzma-indy-roadster","kuzma","Indy Roadster","Kuzma Indy Roadster"
"lancia-d50","lancia","D50","Lancia D50"
"langley","langley","Langley","Langley"
"larrousse-lh93","larrousse","LH93","Larrousse LH93"
"larrousse-lh94","larrousse","LH94","Larrousse LH94"
"larrousse-lh95","larrousse","LH95","Larrousse LH95"
"lds-mk-1","lds","Mk 1","LDS Mk 1"
"lds-mk-2","lds","Mk 2","LDS Mk 2"
"lds-mk-3","lds","Mk 3","LDS Mk 3"
"lec-crp1","lec","CRP1","LEC CRP1"
"lesovsky","lesovsky","Lesovsky","Lesovsky"
"leyton-house-cg901","leyton-house","CG901","Leyton House CG901"
"leyton-house-cg911","leyton-house","CG911","Leyton House CG911"
"life-l190","life","L190","Life L190"
"ligier-js11-15","ligier","JS11/15","Ligier JS11/15"
"ligier-js11","ligier","JS11","Ligier JS11"
"ligier-js17","ligier","JS17","Ligier JS17"
"ligier-js17b","ligier","JS17B","Ligier JS17B"
"ligier-js19","ligier","JS19","Ligier JS19"
"ligier-js21","ligier","JS21","Ligier JS21"
"ligier-js23","ligier","JS23","Ligier JS23"
"ligier-js23b","ligier","JS23B","Ligier JS23B"
"ligier-js25","ligier","JS25","Ligier JS25"
"ligier-js27","ligier","JS27","Ligier JS27"
"ligier-js29b","ligier","JS29B","Ligier JS29B"
"ligier-js29c","ligier","JS29C","Ligier JS29C"
"ligier-js31","ligier","JS31","Ligier JS31"
"ligier-js33","ligier","JS33","Ligier JS33"
"ligier-js33b","ligier","JS33B","Ligier JS33B"
"ligier-js35","ligier","JS35","Ligier JS35"
"ligier-js35b","ligier","JS35B","Ligier JS35B"
"ligier-js37","ligier","JS37","Ligier JS37"
"ligier-js39","ligier","JS39","Ligier JS39"
"ligier-js39b","ligier","JS39B","Ligier JS39B"
"ligier-js41","ligier","JS41","Ligier JS41"
"ligier-js43","ligier","JS43","Ligier JS43"
"ligier-js5","ligier","JS5","Ligier JS5"
"ligier-js7-9","ligier","JS7/9","Ligier JS7/9"
"ligier-js7","ligier","JS7","Ligier JS7"
"ligier-js9","ligier","JS9","Ligier JS9"
"lola-lc87","lola","LC87","Lola LC87"
"lola-lc88","lola","LC88","Lola LC88"
"lola-lc88b","lola","LC88B","Lola LC88B"
"lola-lc89","lola","LC89","Lola LC89"
"lola-lc89b","lola","LC89B","Lola LC89B"
"lola-lc90","lola","LC90","Lola LC90"
"lola-lc91","lola","LC91","Lola LC91"
"lola-mk-4","lola","Mk 4","Lola Mk 4"
"lola-mk-4a","lola","Mk 4A","Lola Mk 4A"
"lola-t100","lola","T100","Lola T100"
"lola-t102","lola","T102","Lola T102"
"lola-t370","lola","T370","Lola T370"
"lola-t371","lola","T371","Lola T371"
"lola-t93-30","lola","T93/30","Lola T93/30"
"lola-t97-30","lola","T97/30","Lola T97/30"
"lola-thl1","lola","THL1","Lola THL1"
"lola-thl2","lola","THL2","Lola THL2"
"lotus-100t","lotus","100T","Lotus 100T"
"lotus-101","lotus","101","Lotus 101"
"lotus-102","lotus","102","Lotus 102"
"lotus-102b","lotus","102B","Lotus 102B"
"lotus-102d","lotus","102D","Lotus 102D"
"lotus-107","lotus","107","Lotus 107"
"lotus-107b","lotus","107B","Lotus 107B"
"lotus-107c","lotus","107C","Lotus 107C"
"lotus-109","lotus","109","Lotus 109"
"lotus-12","lotus","12","Lotus 12"
"lotus-16","lotus","16","Lotus 16"
"lotus-18-21","lotus","18/21","Lotus 18/21"
"lotus-18","lotus","18","Lotus 18"
"lotus-20","lotus","20","Lotus 20"
"lotus-21","lotus","21","Lotus 21"
"lotus-22","lotus","22","Lotus 22"
"lotus-24","lotus","24","Lotus 24"
"lotus-25","lotus","25","Lotus 25"
"lotus-33","lotus","33","Lotus 33"
"lotus-43","lotus","43","Lotus 43"
"lotus-44","lotus","44","Lotus 44"
"lotus-48","lotus","48","Lotus 48"
"lotus-49","lotus","49","Lotus 49"
"lotus-49b","lotus","49B","Lotus 49B"
"lotus-49c","lotus","49C","Lotus 49C"
"lotus-56b","lotus","56B","Lotus 56B"
"lotus-59b","lotus","59B","Lotus 59B"
"lotus-63","lotus","63","Lotus 63"
"lotus-69-special","lotus","69 Special","Lotus 69 Special"
"lotus-72b","lotus","72B","Lotus 72B"
"lotus-72c","lotus","72C","Lotus 72C"
"lotus-72d","lotus","72D","Lotus 72D"
"lotus-72e","lotus","72E","Lotus 72E"
"lotus-76","lotus","76","Lotus 76"
"lotus-77","lotus","77","Lotus 77"
"lotus-78","lotus","78","Lotus 78"
"lotus-79","lotus","79","Lotus 79"
"lotus-80","lotus","80","Lotus 80"
"lotus-81","lotus","81","Lotus 81"
"lotus-81b","lotus","81B","Lotus 81B"
"lotus-87","lotus","87","Lotus 87"
"lotus-87b","lotus","87B","Lotus 87B"
"lotus-88","lotus","88","Lotus 88"
"lotus-88b","lotus","88B","Lotus 88B"
"lotus-91","lotus","91","Lotus 91"
"lotus-92","lotus","92","Lotus 92"
"lotus-93t","lotus","93T","Lotus 93T"
"lotus-94t","lotus","94T","Lotus 94T"
"lotus-95t","lotus","95T","Lotus 95T"
"lotus-97t","lotus","97T","Lotus 97T"
"lotus-98t","lotus","98T","Lotus 98T"
"lotus-99t","lotus","99T","Lotus 99T"
"lotus-f1-e20","lotus-f1","E20","Lotus E20"
"lotus-f1-e21","lotus-f1","E21","Lotus E21"
"lotus-f1-e22","lotus-f1","E22","Lotus E22"
"lotus-f1-e23","lotus-f1","E23","Lotus E23 Hybrid"
"lotus-racing-t127","lotus-racing","T127","Lotus T127"
"lotus-racing-t128","lotus-racing","T128","Lotus T128"
"lyncar-006","lyncar","006","Lyncar 006"
"maki-f101","maki","F101","Maki F101"
"maki-f101c","maki","F101C","Maki F101C"
"maki-f102a","maki","F102A","Maki F102A"
"manor-mrt05","manor","MRT05","Manor MRT05"
"march-701","march","701","March 701"
"march-711","march","711","March 711"
"march-721","march","721","March 721"
"march-721g","march","721G","March 721G"
"march-721x","march","721X","March 721X"
"march-731","march","731","March 731"
"march-741","march","741","March 741"
"march-751","march","751","March 751"
"march-761","march","761","March 761"
"march-761b","march","761B","March 761B"
"march-771","march","771","March 771"
"march-781s","march","781S","March 781S"
"march-811","march","811","March 811"
"march-821","march","821","March 821"
"march-871","march","871","March 871"
"march-87p","march","87P","March 87P"
"march-881","march","881","March 881"
"march-cg891","march","CG891","March CG891"
"march-cg911b","march","CG911B","March CG911B"
"march-cg911c","march","CG911C","March CG911C"
"marchese-championship-racer","marchese","Championship Racer","Marchese Championship Racer"
"martini-mk23","martini","MK23","Martini MK23"
"marussia-mr01","marussia","MR01","Marussia MR01"
"marussia-mr02","marussia","MR02","Marussia MR02"
"marussia-mr03","marussia","MR03","Marussia MR03"
"marussia-mr03b","marussia","MR03B","Marussia MR03B"
"maserati-250f","maserati","250F","Maserati 250F"
"maserati-4cl","maserati","4CL","Maserati 4CL"
"maserati-4clt-48","maserati","4CLT/48","Maserati 4CLT/48"
"maserati-4clt-50","maserati","4CLT/50","Maserati 4CLT/50"
"maserati-8ctf","maserati","8CTF","Maserati 8CTF"
"maserati-a6gcm","maserati","A6GCM","Maserati A6GCM"
"matra-ms10","matra","MS10","Matra MS10"
"matra-ms11","matra","MS11","Matra MS11"
"matra-ms120","matra","MS120","Matra MS120"
"matra-ms120b","matra","MS120B","Matra MS120B"
"matra-ms120c","matra","MS120C","Matra MS120C"
"matra-ms120d","matra","MS120D","Matra MS120D"
"matra-ms5","matra","MS5","Matra MS5"
"matra-ms7","matra","MS7","Matra MS7"
"matra-ms80","matra","MS80","Matra MS80"
"matra-ms84","matra","MS84","Matra MS84"
"matra-ms9","matra","MS9","Matra MS9"
"mcguire-bm1","mcguire","BM1","McGuire BM1"
"mclaren-m14a","mclaren","M14A","McLaren M14A"
"mclaren-m14d","mclaren","M14D","McLaren M14D"
"mclaren-m19a","mclaren","M19A","McLaren M19A"
"mclaren-m19c","mclaren","M19C","McLaren M19C"
"mclaren-m23","mclaren","M23","McLaren M23"
"mclaren-m26","mclaren","M26","McLaren M26"
"mclaren-m28","mclaren","M28","McLaren M28"
"mclaren-m28b","mclaren","M28B","McLaren M28B"
"mclaren-m28c","mclaren","M28C","McLaren M28C"
"mclaren-m29","mclaren","M29","McLaren M29"
"mclaren-m29b","mclaren","M29B","McLaren M29B"
"mclaren-m29c","mclaren","M29C","McLaren M29C"
"mclaren-m29f","mclaren","M29F","McLaren M29F"
"mclaren-m2b","mclaren","M2B","McLaren M2B"
"mclaren-m30","mclaren","M30","McLaren M30"
"mclaren-m3a","mclaren","M3A","McLaren M3A"
"mclaren-m4b","mclaren","M4B","McLaren M4B"
"mclaren-m5a","mclaren","M5A","McLaren M5A"
"mclaren-m7a","mclaren","M7A","McLaren M7A"
"mclaren-m7b","mclaren","M7B","McLaren M7B"
"mclaren-m7c","mclaren","M7C","McLaren M7C"
"mclaren-m7d","mclaren","M7D","McLaren M7D"
"mclaren-m9a","mclaren","M9A","McLaren M9A"
"mclaren-mcl32","mclaren","MCL32","McLaren MCL32"
"mclaren-mcl33","mclaren","MCL33","McLaren MCL33"
"mclaren-mcl34","mclaren","MCL34","McLaren MCL34"
"mclaren-mcl35","mclaren","MCL35","McLaren MCL35"
"mclaren-mcl35m","mclaren","MCL35M","McLaren MCL35M"
"mclaren-mcl36","mclaren","MCL36","McLaren MCL36"
"mclaren-mcl38","mclaren","MCL38","McLaren MCL38"
"mclaren-mcl39","mclaren","MCL39","McLaren MCL39"
"mclaren-mcl60","mclaren","MCL60","McLaren MCL60"
"mclaren-mp4-1","mclaren","MP4/1","McLaren MP4/1"
"mclaren-mp4-10","mclaren","MP4/10","McLaren MP4/10"
"mclaren-mp4-10b","mclaren","MP4/10B","McLaren MP4/10B"
"mclaren-mp4-10c","mclaren","MP4/10C","McLaren MP4/10C"
"mclaren-mp4-11","mclaren","MP4/11","McLaren MP4/11"
"mclaren-mp4-11b","mclaren","MP4/11B","McLaren MP4/11B"
"mclaren-mp4-12","mclaren","MP4/12","McLaren MP4/12"
"mclaren-mp4-13","mclaren","MP4/13","McLaren MP4/13"
"mclaren-mp4-14","mclaren","MP4/14","McLaren MP4/14"
"mclaren-mp4-15","mclaren","MP4/15","McLaren MP4/15"
"mclaren-mp4-16","mclaren","MP4-16","McLaren MP4-16"
"mclaren-mp4-17","mclaren","MP4-17","McLaren MP4-17"
"mclaren-mp4-17d","mclaren","MP4-17D","McLaren MP4-17D"
"mclaren-mp4-19","mclaren","MP4-19","McLaren MP4-19"
"mclaren-mp4-19b","mclaren","MP4-19B","McLaren MP4-19B"
"mclaren-mp4-1b","mclaren","MP4/1B","McLaren MP4/1B"
"mclaren-mp4-1c","mclaren","MP4/1C","McLaren MP4/1C"
"mclaren-mp4-1e","mclaren","MP4/1E","McLaren MP4/1E"
"mclaren-mp4-2","mclaren","MP4/2","McLaren MP4/2"
"mclaren-mp4-20","mclaren","MP4-20","McLaren MP4-20"
"mclaren-mp4-21","mclaren","MP4-21","McLaren MP4-21"
"mclaren-mp4-22","mclaren","MP4-22","McLaren MP4-22"
"mclaren-mp4-23","mclaren","MP4-23","McLaren MP4-23"
"mclaren-mp4-24","mclaren","MP4-24","McLaren MP4-24"
"mclaren-mp4-25","mclaren","MP4-25","McLaren MP4-25"
"mclaren-mp4-26","mclaren","MP4-26","McLaren MP4-26"
"mclaren-mp4-27","mclaren","MP4-27","McLaren MP4-27"
"mclaren-mp4-28","mclaren","MP4-28","McLaren MP4-28"
"mclaren-mp4-29","mclaren","MP4-29","McLaren MP4-29"
"mclaren-mp4-2b","mclaren","MP4/2B","McLaren MP4/2B"
"mclaren-mp4-2c","mclaren","MP4/2C","McLaren MP4/2C"
"mclaren-mp4-3","mclaren","MP4/3","McLaren MP4/3"
"mclaren-mp4-30","mclaren","MP4-30","McLaren MP4-30"
"mclaren-mp4-31","mclaren","MP4-31","McLaren MP4-31"
"mclaren-mp4-4","mclaren","MP4/4","McLaren MP4/4"
"mclaren-mp4-5","mclaren","MP4/5","McLaren MP4/5"
"mclaren-mp4-5b","mclaren","MP4/5B","McLaren MP4/5B"
"mclaren-mp4-6","mclaren","MP4/6","McLaren MP4/6"
"mclaren-mp4-6b","mclaren","MP4/6B","McLaren MP4/6B"
"mclaren-mp4-7a","mclaren","MP4/7A","McLaren MP4/7A"
"mclaren-mp4-8","mclaren","MP4/8","McLaren MP4/8"
"mclaren-mp4-9","mclaren","MP4/9","McLaren MP4/9"
"mercedes-f1-w03","mercedes","F1 W03","Mercedes F1 W03"
"mercedes-f1-w04","mercedes","F1 W04","Mercedes F1 W04"
"mercedes-f1-w05","mercedes","F1 W05","Mercedes F1 W05 Hybrid"
"mercedes-f1-w06","mercedes","F1 W06","Mercedes F1 W06 Hybrid"
"mercedes-f1-w07","mercedes","F1 W07","Mercedes F1 W07 Hybrid"
"mercedes-f1-w08","mercedes","F1 W08","Mercedes F1 W08 EQ Power+"
"mercedes-f1-w09","mercedes","F1 W09","Mercedes F1 W09 EQ Power+"
"mercedes-f1-w10","mercedes","F1 W10","Mercedes F1 W10 EQ Power+"
"mercedes-f1-w11","mercedes","F1 W11","Mercedes F1 W11"
"mercedes-f1-w12","mercedes","F1 W12","Mercedes F1 W12"
"mercedes-f1-w13","mercedes","F1 W13","Mercedes F1 W13"
"mercedes-f1-w14","mercedes","F1 W14","Mercedes F1 W14"
"mercedes-f1-w15","mercedes","F1 W15","Mercedes F1 W15"
"mercedes-f1-w16","mercedes","F1 W16","Mercedes F1 W16"
"mercedes-mgp-w01","mercedes","MGP W01","Mercedes MGP W01"
"mercedes-mgp-w02","mercedes","MGP W02","Mercedes MGP W02"
"mercedes-w196","mercedes","W196","Mercedes W196"
"merzario-a1","merzario","A1","Merzario A1"
"merzario-a1b","merzario","A1B","Merzario A1B"
"merzario-a2","merzario","A2","Merzario A2"
"merzario-a4","merzario","A4","Merzario A4"
"meskowski","meskowski","Meskowski","Meskowski"
"midland-m16","midland","M16","Midland M16"
"minardi-m01","minardi","M01","Minardi M01"
"minardi-m02","minardi","M02","Minardi M02"
"minardi-m185","minardi","M185","Minardi M185"
"minardi-m185b","minardi","M185B","Minardi M185B"
"minardi-m186","minardi","M186","Minardi M186"
"minardi-m187","minardi","M187","Minardi M187"
"minardi-m188","minardi","M188","Minardi M188"
"minardi-m188b","minardi","M188B","Minardi M188B"
"minardi-m189","minardi","M189","Minardi M189"
"minardi-m190","minardi","M190","Minardi M190"
"minardi-m191","minardi","M191","Minardi M191"
"minardi-m191b","minardi","M191B","Minardi M191B"
"minardi-m192","minardi","M192","Minardi M192"
"minardi-m193","minardi","M193","Minardi M193"
"minardi-m193b","minardi","M193B","Minardi M193B"
"minardi-m194","minardi","M194","Minardi M194"
"minardi-m195","minardi","M195","Minardi M195"
"minardi-m195b","minardi","M195B","Minardi M195B"
"minardi-m197","minardi","M197","Minardi M197"
"minardi-m198","minardi","M198","Minardi M198"
"minardi-ps01","minardi","PS01","Minardi PS01"
"minardi-ps01b","minardi","PS01B","Minardi PS01B"
"minardi-ps02","minardi","PS02","Minardi PS02"
"minardi-ps03","minardi","PS03","Minardi PS03"
"minardi-ps04","minardi","PS04","Minardi PS04"
"minardi-ps04b","minardi","PS04B","Minardi PS04B"
"minardi-ps05","minardi","PS05","Minardi PS05"
"modena-291","modena","291","Lambo 291"
"moore","moore","Moore","Moore"
"nacke-hh48","nacke","HH48","Nacke HH48"
"nichels","nichels","Nichels","Nichels"
"olson-special","olson","Special","Olson Special"
"onyx-ore-1","onyx","ORE-1","Onyx ORE-1"
"onyx-ore-1b","onyx","ORE-1B","Onyx ORE-1B"
"osca-20","osca","20","OSCA 20"
"osca-4500g","osca","4500G","OSCA 4500G"
"osca-f2","osca","F2","OSCA F2"
"osella-fa1","osella","FA1","Osella FA1"
"osella-fa1b","osella","FA1B","Osella FA1B"
"osella-fa1c","osella","FA1C","Osella FA1C"
"osella-fa1d","osella","FA1D","Osella FA1D"
"osella-fa1e","osella","FA1E","Osella FA1E"
"osella-fa1f","osella","FA1F","Osella FA1F"
"osella-fa1g","osella","FA1G","Osella FA1G"
"osella-fa1h","osella","FA1H","Osella FA1H"
"osella-fa1i","osella","FA1I","Osella FA1I"
"osella-fa1l","osella","FA1L","Osella FA1L"
"osella-fa1m","osella","FA1M","Osella FA1M"
"osella-fa1me","osella","FA1ME","Osella FA1ME"
"pacific-pr01","pacific","PR01","Pacific PR01"
"pacific-pr02","pacific","PR02","Pacific PR02"
"pankratz-d","pankratz","D","Pankratz D"
"parnelli-vpj4","parnelli","VPJ4","Parnelli VPJ4"
"parnelli-vpj4b","parnelli","VPJ4B","Parnelli VPJ4B"
"pawl","pawl","Pawl","Pawl"
"penske-pc1","penske","PC1","Penske PC1"
"penske-pc3","penske","PC3","Penske PC3"
"penske-pc4","penske","PC4","Penske PC4"
"phillips","phillips","Phillips","Phillips"
"politoys-fx3","politoys","FX3","Politoys FX3"
"porsche-718","porsche","718","Porsche 718"
"porsche-787","porsche","787","Porsche 787"
"porsche-804","porsche","804","Porsche 804"
"porsche-rs550","porsche","RS550","Porsche RS550"
"porsche-rsk","porsche","RSK","Porsche RSK"
"prost-ap01","prost","AP01","Prost AP01"
"prost-ap02","prost","AP02","Prost AP02"
"prost-ap03","prost","AP03","Prost AP03"
"prost-ap04","prost","AP04","Prost AP04"
"prost-js45","prost","JS45","Prost JS45"
"protos-f2","protos","F2","Protos F2"
"racing-bulls-vcarb-02","racing-bulls","VCARB 02","Racing Bulls VCARB 02"
"racing-point-rp19","racing-point","RP19","Racing Point RP19"
"racing-point-rp20","racing-point","RP20","Racing Point RP20"
"rae","rae","Rae","Rae"
"ram-01","ram","01","RAM 01"
"ram-02","ram","02","RAM 02"
"ram-03","ram","03","RAM 03"
"rb-vcarb-01","rb","VCARB 01","RB VCARB 01"
"rebaque-hr100","rebaque","HR100","Rebaque HR100"
"red-bull-rb1","red-bull","RB1","Red Bull RB1"
"red-bull-rb10","red-bull","RB10","Red Bull RB10"
"red-bull-rb11","red-bull","RB11","Red Bull RB11"
"red-bull-rb12","red-bull","RB12","Red Bull RB12"
"red-bull-rb13","red-bull","RB13","Red Bull RB13"
"red-bull-rb14","red-bull","RB14","Red Bull RB14"
"red-bull-rb15","red-bull","RB15","Red Bull RB15"
"red-bull-rb16","red-bull","RB16","Red Bull RB16"
"red-bull-rb16b","red-bull","RB16B","Red Bull RB16B"
"red-bull-rb18","red-bull","RB18","Red Bull RB18"
"red-bull-rb19","red-bull","RB19","Red Bull RB19"
"red-bull-rb2","red-bull","RB2","Red Bull RB2"
"red-bull-rb20","red-bull","RB20","Red Bull RB20"
"red-bull-rb21","red-bull","RB21","Red Bull RB21"
"red-bull-rb3","red-bull","RB3","Red Bull RB3"
"red-bull-rb4","red-bull","RB4","Red Bull RB4"
"red-bull-rb5","red-bull","RB5","Red Bull RB5"
"red-bull-rb6","red-bull","RB6","Red Bull RB6"
"red-bull-rb7","red-bull","RB7","Red Bull RB7"
"red-bull-rb8","red-bull","RB8","Red Bull RB8"
"red-bull-rb9","red-bull","RB9","Red Bull RB9"
"reif","reif","Reif","Reif"
"renault-r202","renault","R202","Renault R202"
"renault-r23","renault","R23","Renault R23"
"renault-r23b","renault","R23B","Renault R23B"
"renault-r24","renault","R24","Renault R24"
"renault-r24b","renault","R24B","Renault R24B"
"renault-r25","renault","R25","Renault R25"
"renault-r26","renault","R26","Renault R26"
"renault-r27","renault","R27","Renault R27"
"renault-r28","renault","R28","Renault R28"
"renault-r29","renault","R29","Renault R29"
"renault-r30","renault","R30","Renault R30"
"renault-r31","renault","R31","Renault R31"
"renault-re20","renault","RE20","Renault RE20"
"renault-re20b","renault","RE20B","Renault RE20B"
"renault-re30","renault","RE30","Renault RE30"
"renault-re30b","renault","RE30B","Renault RE30B"
"renault-re30c","renault","RE30C","Renault RE30C"
"renault-re40","renault","RE40","Renault RE40"
"renault-re50","renault","RE50","Renault RE50"
"renault-re60","renault","RE60","Renault RE60"
"renault-re60b","renault","RE60B","Renault RE60B"
"renault-rs01","renault","RS01","Renault RS01"
"renault-rs10","renault","RS10","Renault RS10"
"renault-rs16","renault","R.S.16","Renault R.S.16"
"renault-rs17","renault","R.S.17","Renault R.S.17"
"renault-rs18","renault","R.S.18","Renault R.S.18"
"renault-rs19","renault","R.S.19","Renault R.S.19"
"renault-rs20","renault","R.S.20","Renault R.S.20"
"rial-arc1","rial","ARC1","Rial ARC1"
"rial-arc2","rial","ARC2","Rial ARC2"
"sauber-c12","sauber","C12","Sauber C12"
"sauber-c13","sauber","C13","Sauber C13"
"sauber-c14","sauber","C14","Sauber C14"
"sauber-c15","sauber","C15","Sauber C15"
"sauber-c16","sauber","C16","Sauber C16"
"sauber-c17","sauber","C17","Sauber C17"
"sauber-c18","sauber","C18","Sauber C18"
"sauber-c19","sauber","C19","Sauber C19"
"sauber-c20","sauber","C20","Sauber C20"
"sauber-c21","sauber","C21","Sauber C21"
"sauber-c22","sauber","C22","Sauber C22"
"sauber-c23","sauber","C23","Sauber C23"
"sauber-c24","sauber","C24","Sauber C24"
"sauber-c29","sauber","C29","Sauber C29"
"sauber-c30","sauber","C30","Sauber C30"
"sauber-c31","sauber","C31","Sauber C31"
"sauber-c32","sauber","C32","Sauber C32"
"sauber-c33","sauber","C33","Sauber C33"
"sauber-c34","sauber","C34","Sauber C34"
"sauber-c35","sauber","C35","Sauber C35"
"sauber-c36","sauber","C36","Sauber C36"
"sauber-c37","sauber","C37","Sauber C37"
"scarab-f1","scarab","F1","Scarab F1"
"schroeder","schroeder","Schroeder","Schroeder"
"scirocco-sp","scirocco","SP","Scirocco SP"
"shadow-dn1","shadow","DN1","Shadow DN1"
"shadow-dn11","shadow","DN11","Shadow DN11"
"shadow-dn12","shadow","DN12","Shadow DN12"
"shadow-dn3","shadow","DN3","Shadow DN3"
"shadow-dn3b","shadow","DN3B","Shadow DN3B"
"shadow-dn5","shadow","DN5","Shadow DN5"
"shadow-dn5b","shadow","DN5B","Shadow DN5B"
"shadow-dn7","shadow","DN7","Shadow DN7"
"shadow-dn8","shadow","DN8","Shadow DN8"
"shadow-dn9","shadow","DN9","Shadow DN9"
"shannon-sh1","shannon","SH1","Shannon SH1"
"sherman","sherman","Sherman","Sherman"
"simca-gordini-t11","simca-gordini","T11","Simca-Gordini T11"
"simca-gordini-t15","simca-gordini","T15","Simca-Gordini T15"
"simtek-s941","simtek","S941","Simtek S941"
"simtek-s951","simtek","S951","Simtek S951"
"snowberger","snowberger","Snowberger","Snowberger"
"spirit-101","spirit","101","Spirit 101"
"spirit-101c","spirit","101C","Spirit 101C"
"spirit-101d","spirit","101D","Spirit 101D"
"spirit-201","spirit","201","Spirit 201"
"spirit-201c","spirit","201C","Spirit 201C"
"spyker-f8-vii","spyker","F8-VII","Spyker F8-VII"
"spyker-f8-viib","spyker","F8-VIIB","Spyker F8-VIIB"
"stebro-mk-iv","stebro","Mk IV","Stebro Mk IV"
"stevens-ansted-special","stevens","Ansted Special","Stevens Ansted Special"
"stevens-belanger-indy-special","stevens","Belanger Indy Special","Stevens Belanger Indy Special"
"stevens-chapman-special","stevens","Chapman Special","Stevens Chapman Special"
"stevens","stevens","Stevens","Stevens"
"stewart-sf01","stewart","SF01","Stewart SF01"
"stewart-sf02","stewart","SF02","Stewart SF02"
"stewart-sf3","stewart","SF3","Stewart SF3"
"super-aguri-sa05","super-aguri","SA05","Super Aguri SA05"
"super-aguri-sa06","super-aguri","SA06","Super Aguri SA06"
"super-aguri-sa07","super-aguri","SA07","Super Aguri SA07"
"super-aguri-sa08","super-aguri","SA08","Super Aguri SA08"
"surtees-ts14","surtees","TS14","Surtees TS14"
"surtees-ts14a","surtees","TS14A","Surtees TS14A"
"surtees-ts16","surtees","TS16","Surtees TS16"
"surtees-ts19","surtees","TS19","Surtees TS19"
"surtees-ts20","surtees","TS20","Surtees TS20"
"surtees-ts7","surtees","TS7","Surtees TS7"
"surtees-ts9","surtees","TS9","Surtees TS9"
"surtees-ts9b","surtees","TS9B","Surtees TS9B"
"sutton","sutton","Sutton","Sutton"
"talbot-lago-t26c-da","talbot-lago","T26C-DA","Talbot-Lago T26C-DA"
"talbot-lago-t26c-gs","talbot-lago","T26C-GS","Talbot-Lago T26C-GS"
"talbot-lago-t26c","talbot-lago","T26C","Talbot-Lago T26C"
"tec-mec-f415","tec-mec","F415","Tec-Mec F415"
"tecno-pa123-3","tecno","PA123/3","Tecno PA123/3"
"tecno-pa123-6","tecno","PA123/6","Tecno PA123/6"
"tecno-tf69","tecno","TF69","Tecno TF69"
"theodore-n183","theodore","N183","Theodore N183"
"theodore-tr1","theodore","TR1","Theodore TR1"
"theodore-ty01","theodore","TY01","Theodore TY01"
"theodore-ty02","theodore","TY02","Theodore TY02"
"token-rj02","token","RJ02","Token RJ02"
"toleman-tg181","toleman","TG181","Toleman TG181"
"toleman-tg181b","toleman","TG181B","Toleman TG181B"
"toleman-tg181c","toleman","TG181C","Toleman TG181C"
"toleman-tg183","toleman","TG183","Toleman TG183"
"toleman-tg183b","toleman","TG183B","Toleman TG183B"
"toleman-tg184","toleman","TG184","Toleman TG184"
"toleman-tg185","toleman","TG185","Toleman TG185"
"toro-rosso-str1","toro-rosso","STR1","Toro Rosso STR1"
"toro-rosso-str10","toro-rosso","STR10","Toro Rosso STR10"
"toro-rosso-str11","toro-rosso","STR11","Toro Rosso STR11"
"toro-rosso-str12","toro-rosso","STR12","Toro Rosso STR12"
"toro-rosso-str13","toro-rosso","STR13","Toro Rosso STR13"
"toro-rosso-str14","toro-rosso","STR14","Toro Rosso STR14"
"toro-rosso-str2","toro-rosso","STR2","Toro Rosso STR2"
"toro-rosso-str2b","toro-rosso","STR2B","Toro Rosso STR2B"
"toro-rosso-str3","toro-rosso","STR3","Toro Rosso STR3"
"toro-rosso-str4","toro-rosso","STR4","Toro Rosso STR4"
"toro-rosso-str5","toro-rosso","STR5","Toro Rosso STR5"
"toro-rosso-str6","toro-rosso","STR6","Toro Rosso STR6"
"toro-rosso-str7","toro-rosso","STR7","Toro Rosso STR7"
"toro-rosso-str8","toro-rosso","STR8","Toro Rosso STR8"
"toro-rosso-str9","toro-rosso","STR9","Toro Rosso STR9"
"toyota-tf102","toyota","TF102","Toyota TF102"
"toyota-tf103","toyota","TF103","Toyota TF103"
"toyota-tf104","toyota","TF104","Toyota TF104"
"toyota-tf104b","toyota","TF104B","Toyota TF104B"
"toyota-tf105","toyota","TF105","Toyota TF105"
"toyota-tf105b","toyota","TF105B","Toyota TF105B"
"toyota-tf106","toyota","TF106","Toyota TF106"
"toyota-tf106b","toyota","TF106B","Toyota TF106B"
"toyota-tf107","toyota","TF107","Toyota TF107"
"toyota-tf108","toyota","TF108","Toyota TF108"
"toyota-tf109","toyota","TF109","Toyota TF109"
"trevis-indycar","trevis","Indycar","Trevis Indycar"
"trojan-t103","trojan","T103","Trojan T103"
"turner","turner","Turner","Turner"
"tyrrell-001","tyrrell","001","Tyrrell 001"
"tyrrell-002","tyrrell","002","Tyrrell 002"
"tyrrell-003","tyrrell","003","Tyrrell 003"
"tyrrell-004","tyrrell","004","Tyrrell 004"
"tyrrell-005","tyrrell","005","Tyrrell 005"
"tyrrell-006","tyrrell","006","Tyrrell 006"
"tyrrell-007","tyrrell","007","Tyrrell 007"
"tyrrell-008","tyrrell","008","Tyrrell 008"
"tyrrell-009","tyrrell","009","Tyrrell 009"
"tyrrell-010","tyrrell","010","Tyrrell 010"
"tyrrell-011","tyrrell","011","Tyrrell 011"
"tyrrell-011b","tyrrell","011B","Tyrrell 011B"
"tyrrell-012","tyrrell","012","Tyrrell 012"
"tyrrell-014","tyrrell","014","Tyrrell 014"
"tyrrell-015","tyrrell","015","Tyrrell 015"
"tyrrell-017","tyrrell","017","Tyrrell 017"
"tyrrell-017b","tyrrell","017B","Tyrrell 017B"
"tyrrell-018","tyrrell","018","Tyrrell 018"
"tyrrell-019","tyrrell","019","Tyrrell 019"
"tyrrell-020","tyrrell","020","Tyrrell 020"
"tyrrell-020b","tyrrell","020B","Tyrrell 020B"
"tyrrell-020c","tyrrell","020C","Tyrrell 020C"
"tyrrell-021","tyrrell","021","Tyrrell 021"
"tyrrell-022","tyrrell","022","Tyrrell 022"
"tyrrell-023","tyrrell","023","Tyrrell 023"
"tyrrell-024","tyrrell","024","Tyrrell 024"
"tyrrell-025","tyrrell","025","Tyrrell 025"
"tyrrell-026","tyrrell","026","Tyrrell 026"
"tyrrell-dg016","tyrrell","DG016","Tyrrell DG016"
"tyrrell-p34","tyrrell","P34","Tyrrell P34"
"vanwall-special","vanwall","Special","Vanwall Special"
"vanwall-vw-11","vanwall","VW 11","Vanwall VW 11"
"vanwall-vw-2","vanwall","VW 2","Vanwall VW 2"
"vanwall-vw-5","vanwall","VW 5","Vanwall VW 5"
"vanwall-vw-55","vanwall","VW 55","Vanwall VW 55"
"vanwall-vw-59","vanwall","VW 59","Vanwall VW 59"
"venturi-lc92","venturi","LC92","Venturi LC92"
"veritas-meteor","veritas","Meteor","Veritas Meteor"
"veritas-rs","veritas","RS","Veritas RS"
"virgin-mvr-02","virgin","MVR-02","Virgin MVR-02"
"virgin-vr-01","virgin","VR-01","Virgin VR-01"
"watson-cc-50","watson","CC-50","Watson CC-50"
"watson-cc-53","watson","CC-53","Watson CC-53"
"watson-indy-roadster","watson","Indy Roadster","Watson Indy Roadster"
"wetteroth","wetteroth","Wetteroth","Wetteroth"
"williams-fw06","williams","FW06","Williams FW06"
"williams-fw07","williams","FW07","Williams FW07"
"williams-fw07b","williams","FW07B","Williams FW07B"
"williams-fw07c","williams","FW07C","Williams FW07C"
"williams-fw07d","williams","FW07D","Williams FW07D"
"williams-fw08","williams","FW08","Williams FW08"
"williams-fw08c","williams","FW08C","Williams FW08C"
"williams-fw09","williams","FW09","Williams FW09"
"williams-fw09b","williams","FW09B","Williams FW09B"
"williams-fw10","williams","FW10","Williams FW10"
"williams-fw10b","williams","FW10B","Williams FW10B"
"williams-fw11","williams","FW11","Williams FW11"
"williams-fw11b","williams","FW11B","Williams FW11B"
"williams-fw12","williams","FW12","Williams FW12"
"williams-fw12c","williams","FW12C","Williams FW12C"
"williams-fw13","williams","FW13","Williams FW13"
"williams-fw13b","williams","FW13B","Williams FW13B"
"williams-fw14","williams","FW14","Williams FW14"
"williams-fw14b","williams","FW14B","Williams FW14B"
"williams-fw15c","williams","FW15C","Williams FW15C"
"williams-fw16","williams","FW16","Williams FW16"
"williams-fw16b","williams","FW16B","Williams FW16B"
"williams-fw17","williams","FW17","Williams FW17"
"williams-fw17b","williams","FW17B","Williams FW17B"
"williams-fw18","williams","FW18","Williams FW18"
"williams-fw19","williams","FW19","Williams FW19"
"williams-fw20","williams","FW20","Williams FW20"
"williams-fw21","williams","FW21","Williams FW21"
"williams-fw22","williams","FW22","Williams FW22"
"williams-fw23","williams","FW23","Williams FW23"
"williams-fw24","williams","FW24","Williams FW24"
"williams-fw25","williams","FW25","Williams FW25"
"williams-fw26","williams","FW26","Williams FW26"
"williams-fw27","williams","FW27","Williams FW27"
"williams-fw28","williams","FW28","Williams FW28"
"williams-fw29","williams","FW29","Williams FW29"
"williams-fw30","williams","FW30","Williams FW30"
"williams-fw31","williams","FW31","Williams FW31"
"williams-fw32","williams","FW32","Williams FW32"
"williams-fw33","williams","FW33","Williams FW33"
"williams-fw34","williams","FW34","Williams FW34"
"williams-fw35","williams","FW35","Williams FW35"
"williams-fw36","williams","FW36","Williams FW36"
"williams-fw37","williams","FW37","Williams FW37"
"williams-fw38","williams","FW38","Williams FW38"
"williams-fw40","williams","FW40","Williams FW40"
"williams-fw41","williams","FW41","Williams FW41"
"williams-fw42","williams","FW42","Williams FW42"
"williams-fw43","williams","FW43","Williams FW43"
"williams-fw43b","williams","FW43B","Williams FW43B"
"williams-fw44","williams","FW44","Williams FW44"
"williams-fw45","williams","FW45","Williams FW45"
"williams-fw46","williams","FW46","Williams FW46"
"williams-fw47","williams","FW47","Williams FW47"
"wolf-williams-fw04","wolf-williams","FW04","Wolf-Williams FW04"
"wolf-williams-fw05","wolf-williams","FW05","Wolf-Williams FW05"
"wolf-wr1","wolf","WR1","Wolf WR1"
"wolf-wr2","wolf","WR2","Wolf WR2"
"wolf-wr3","wolf","WR3","Wolf WR3"
"wolf-wr4","wolf","WR4","Wolf WR4"
"wolf-wr5","wolf","WR5","Wolf WR5"
"wolf-wr6","wolf","WR6","Wolf WR6"
"wolf-wr7","wolf","WR7","Wolf WR7"
"wolf-wr8","wolf","WR8","Wolf WR8"
"wolf-wr9","wolf","WR9","Wolf WR9"
"zakspeed-841","zakspeed","841","Zakspeed 841"
"zakspeed-861","zakspeed","861","Zakspeed 861"
"zakspeed-871","zakspeed","871","Zakspeed 871"
"zakspeed-881","zakspeed","881","Zakspeed 881"
"zakspeed-891","zakspeed","891","Zakspeed 891"
